Communes	TYPE	SAU	EPT1	SURFHAB	RESSEC
Beinwil am See	Urbain	0.5000000	0.0279412	0.2460733	0.1147000
Birrwil	Rural	0.6246334	0.1328671	0.1085044	0.1730000
Burg (AG)	Urbain	0.2872340	0.2304348	0.2978723	0.1302000
Dürrenäsch	Rural	0.3570220	0.0304569	0.0981387	0.0943000
Gontenschwil	Rural	0.5852156	0.0655308	0.0975359	0.1174000
Holziken	Agglo	0.4720280	0.0886076	0.1083916	0.0613000
Leimbach (AG)	Rural	0.8923077	0.1250000	0.1230769	0.0921000
Leutwil	Rural	0.6133333	0.2086331	0.0773333	0.0850000
Menziken	Urbain	0.2742947	0.0089286	0.2288401	0.1014000
Oberkulm	Rural	0.4697131	0.0689655	0.0807651	0.0991000
Reinach (AG)	Urbain	0.4266103	0.0135382	0.2090813	0.1067000
Schlossrued	Rural	0.7020690	0.2131148	0.0427586	0.1380000
Schmiedrued	Rural	0.6832370	0.2862454	0.0589595	0.1627000
Schöftland	Agglo	0.1942675	0.0102524	0.1592357	0.0690000
Teufenthal (AG)	Rural	0.7170868	0.0697674	0.1260504	0.1031000
Unterkulm	Rural	0.5011261	0.0485876	0.0979730	0.0846000
Zetzwil	Rural	0.5051724	0.0690423	0.0844828	0.0892000
Bottenwil	Rural	0.3666667	0.2403101	0.0686275	0.1080000
Kirchleerau	Rural	0.4610092	0.2070707	0.0619266	0.0897000
Kölliken	Agglo	0.2564679	0.0268924	0.1541057	0.1034000
Moosleerau	Rural	0.4120735	0.0804598	0.0839895	0.1230000
Reitnau	Rural	0.6371571	0.1513761	0.0872818	0.1105000
Staffelbach	Rural	0.4468085	0.2175732	0.0414334	0.0768000
Uerkheim	Rural	0.6093089	0.1775362	0.0719323	0.1676000
Wiliberg	Rural	0.8803419	0.5000000	0.0427350	0.0263000