"","Dim.1","Dim.2","Dim.3","Dim.4","Dim.5"
"1",1.91844915733392,0.358825015452946,0.594136197743057,0.506164251005634,-0.987645196386734
"2",-0.421968543445589,2.12576876274271,-0.49531915672974,0.022354668108374,-0.387326262704052
"3",1.97418949414248,0.493706101270953,0.162864807104419,2.66309799322986,-0.144641361995752
"4",0.999257782295633,-0.556252457658225,-0.465288086762017,-0.664924937466637,0.404056147824391
"5",0.245884236895788,0.507443577838385,0.201738275557128,-0.726428537232177,0.0199815038039988
"6",-0.219726981994356,-1.43496349185039,-0.227418657067069,-0.267142943685727,-0.560800101614581
"7",0.192648766356177,0.480560699331628,2.71710725009108,-0.895607983137439,0.405375699798411
"8",-1.65187830355467,-0.555745697250687,-0.173656346725564,0.14995578584442,-0.520816969349341
"9",2.90944156538094,-0.336714587359434,0.229714562471846,0.400775117522162,0.14353021479161
"10",-0.118898897054915,-0.322425006119984,-0.61367344692273,-0.59120686359191,-0.188620931062142
"11",2.65937075513566,0.131589126529228,1.00184437993379,-0.0649549103366002,0.373090712690431
"12",-1.8201643958227,1.17695153355917,-0.24603744996414,-0.214457943530813,-0.0569922028133082
"13",-1.89452323887102,1.88894254754763,-0.339167676677438,0.490060800478793,0.208155948789083
"14",1.60516879784587,-1.61679161103975,-0.955434393529072,0.0576282565608178,-0.250284433461916
"15",-0.129445208970889,0.289837643468021,0.77267459854006,-0.614977157805403,-0.75272841261716
"16",0.311835861302891,-0.62828255037919,0.00628379559493951,-0.738012299174283,-0.107479621375526
"17",-0.422554664206377,-0.590435810619663,-0.584288979771139,-0.573371562392942,-0.577073740837967
"18",-0.912648209320259,-0.257858001450831,-1.07347967708982,0.637915772430107,0.563499774335251
"19",-1.1536027302219,-0.648073254958047,-0.669836683781779,0.185052846589752,0.189119523169437
"20",2.23433128409263,-0.347239099438065,-0.207228311389541,-0.130737163202267,0.784352045531812
"21",0.498804802466835,0.363255775000117,-0.590520229718406,-0.464406790523911,0.531202792092414
"22",-0.675043139857935,0.347365945702245,0.266531107449904,-0.28227461860775,-0.0528203333979496
"23",-1.31041764023283,-1.04786701089523,-0.626822080928426,0.0385295487344514,0.460875048278928
"24",-0.76641681304872,1.95591124467463,-0.466627047962083,-0.0550530467674536,0.250912075267226
"25",-4.05209373664667,-1.77750939409818,1.78190325053275,1.13202171695095,0.253078081243431
