Communes	SAU	EPT1	SURFHAB	RESSEC	SURFIND	RETR	ADO	IP_270920 	IP_250916	IP_291120	IP_130222 
Beinwil am See	0.5000000	0.0279412	0.2460733	0.1147000	0.02094241	0.1875	0.113790761	0.45	0.37	0.47	0.23
Birrwil	0.6246334	0.1328671	0.1085044	0.1730000	0.00879765	0.203512397	0.073347107	0.47	0.37	0.37	0.17
Burg (AG)	0.2872340	0.2304348	0.2978723	0.1302000	0.0212766	0.134944612	0.096676737	0.57	0.44	0.43	0.34
Dürrenäsch	0.3570220	0.0304569	0.0981387	0.0943000	0.02030457	0.156093489	0.09933222	0.64	0.33	0.31	0.23
Gontenschwil	0.5852156	0.0655308	0.0975359	0.1174000	0.01848049	0.185363505	0.106403467	0.64	0.34	0.37	0.22
Holziken	0.4720280	0.0886076	0.1083916	0.0613000	0.00699301	0.144674086	0.080286169	0.62	0.3	0.27	0.23
Leimbach (AG)	0.8923077	0.1250000	0.1230769	0.0921000	0.03478261	0.193258427	0.114606742	0.53	0.37	0.32	0.21
Leutwil	0.6133333	0.2086331	0.0773333	0.0850000	0	0.157894737	0.125506073	0.65	0.26	0.32	0.24
Menziken	0.2742947	0.0089286	0.2288401	0.1014000	0.03134796	0.172824156	0.123268206	0.56	0.4	0.38	0.23
Oberkulm	0.4697131	0.0689655	0.0807651	0.0991000	0.00956429	0.166198314	0.12806102	0.61	0.32	0.37	0.22
Reinach (AG)	0.4266103	0.0135382	0.2090813	0.1067000	0.03695882	0.175989086	0.110752822	0.56	0.43	0.39	0.23
Schlossrued	0.7020690	0.2131148	0.0427586	0.1380000	0.00413793	0.166666667	0.15308642	0.62	0.32	0.39	0.19
Schmiedrued	0.6832370	0.2862454	0.0589595	0.1627000	0.00462428	0.153327717	0.130581297	0.63	0.33	0.41	0.25
Schöftland	0.1942675	0.0102524	0.1592357	0.0690000	0.01433121	0.187419769	0.101155327	0.48	0.36	0.39	0.21
Teufenthal (AG)	0.7170868	0.0697674	0.1260504	0.1031000	0.0140056	0.173089071	0.118761845	0.55	0.38	0.36	0.2
Unterkulm	0.5011261	0.0485876	0.0979730	0.0846000	0.01576577	0.174859551	0.123244382	0.57	0.45	0.38	0.23
Zetzwil	0.5051724	0.0690423	0.0844828	0.0892000	0.00517241	0.178963893	0.106750392	0.58	0.34	0.3	0.21
Bottenwil	0.3666667	0.2403101	0.0686275	0.1080000	0.00588235	0.162612036	0.104993598	0.47	0.34	0.37	0.2
Kirchleerau	0.4610092	0.2070707	0.0619266	0.0897000	0.00458716	0.172368421	0.098684211	0.64	0.29	0.32	0.19
Kölliken	0.2564679	0.0268924	0.1541057	0.1034000	0.0303712	0.1513374	0.120366025	0.5	0.4	0.44	0.24
Moosleerau	0.4120735	0.0804598	0.0839895	0.1230000	0.0183727	0.136830103	0.127708096	0.6	0.36	0.3	0.16
Reitnau	0.6371571	0.1513761	0.0872818	0.1105000	0.01246883	0.145656434	0.131286741	0.63	0.27	0.34	0.19
Staffelbach	0.4468085	0.2175732	0.0414334	0.0768000	0.0055991	0.149414063	0.118164063	0.62	0.35	0.33	0.22
Uerkheim	0.6093089	0.1775362	0.0719323	0.1676000	0.0112835	0.154950869	0.10808768	0.62	0.31	0.3	0.2
Wiliberg	0.8803419	0.5000000	0.0427350	0.0263000	0	0.123529412	0.141176471	0.66	0.26	0.36	0.18